year,102,final,
1_FacebookAnalysis,LsmBjzD1VfU,,我們決定製作一個Facebook分析器，讓Facebook使用者能透過我們的App來看出誰最關注自己？誰最愛評論？並且誰最喜歡發照片並Tag自己，這些資訊都可以顯示在我們的App上，如此一來使用者就可以只要登入，輕易的可以擷取Facebook上的資訊，讓他了解到自己的交友狀態。另外提供小遊戲，自己選擇被Tag過的照片，遊玩拼圖遊戲，讓這個App多元化提供一些資訊與小娛樂，遊戲內可調整難度以及切割格數，讓各種不同的使用者來玩，並且圖片為Facebook內的照片，簡單又有趣！
2_i玩客,VUI7xm8opc4,,app 針對一天的旅遊行程記錄，做基本的規劃。其中在旅遊的過 程中可以隨手將心情寫照或是風景利用拍照等等方式記錄下來，另外拍照時 我們還加入了黑白濾鏡的功能。使用者可在旅遊前可以先估計預算，在旅遊 當中有任何消費行為時也可以隨時記帳，方便使用者查看目前花費是否超過 預算，也可以觀察當下目地的的氣溫。
3_Liao Pei Pad,KT14x-BeyWM,,想要有一個Midi pad，但是價格不斐，於是自己寫了一個類似Midi pad的APP，可以點擊按鍵彈奏音樂、也可以設定持續撥放，也可以用編輯模式設定按鍵對應的歌曲，讓你也可以成為一個DJ。
4_定位追蹤一日行跡紀錄器,9ke9yaZSvKU,,針對吸菸族群中想戒菸但是總是失敗、意志力不足或是不會制定方法的人，因為有百分之八十的人自己憑意志力戒菸，其中有百分之八十六的人採取馬上從此不吸菸的方式來戒菸，其中百分之六十的人在四天之內就戒菸失敗。根據實驗研究，面臨衝動時最有效的方法是分散注意力三十秒到一分鐘，因此設計個小遊戲搭配菸盒，要先玩個小遊戲才會解鎖菸盒，幫助人們控管吸菸及有效戒菸。
5_ControlCigarettes,1knYILvEx9Q,,針對吸菸族群中想戒菸但是總是失敗、意志力不足或是不會制定方法的人，因為有百分之八十的人自己憑意志力戒菸，其中有百分之八十六的人採取馬上從此不吸菸的方式來戒菸，其中百分之六十的人在四天之內就戒菸失敗。根據實驗研究，面臨衝動時最有效的方法是分散注意力三十秒到一分鐘，因此設計個小遊戲搭配菸盒，要先玩個小遊戲才會解鎖菸盒，幫助人們控管吸菸及有效戒菸。
6_Diary,edqxWhyORJQ,,在一般日常生活中，現在的人常常需要記帳，但是每次回到家裡要記錄 時，常常容易忘記某個項目，就沒辦法記錄完整，如果要寫在本子上，隨 身攜帶也很麻煩，因此寫了這個小型日記提供便利與簡單的方法在每次消 費後，就可以記錄起來，也提供簡易的統計分析，讓使用者不用在每月總 結時，還要一筆一筆的去做查詢與計算。 由於現在的人越來越注重身材，因此新增了健康日記與心情日記讓使用 者可以簡單記錄自己每日的卡路里狀況與心情指數。 因為時常需要記錄待辦的事項，可是現有軟體因為功能太齊全，可是我 只需要簡單知道主旨跟重要性就好了，所以寫出了行事曆功能，提供簡易 實用的功能。
7_CoffeeMenu,LuEp9taXHok,,做一個咖啡製作教學，程式會列出所以的咖啡種類，使用者可以點選其中一種，程式將會提供這種咖啡的製作方式，製作的結果皆能拍照並上傳到Facebook，搜尋附近的咖啡材料店，使用者可以觀看之前拍的咖啡照片。
8_Running_Lamb,ouesJHWV7Vw,,製作了一款在 iOS 平台上的動作遊戲 「Running Lamb」 ，它是由 Meigic 工作室在多年 前開發在 Android 平台上的遊戲，現今已經停擺多時。經由 Meigic 直接授權，我們使用 Cocos2d加上Xcode來重寫這款遊戲到iOS平台上，並且我們將優化整個遊戲系統與操作，還有新增一些新的遊戲要素。在遊戲中，主要是由玩家扮演一隻小綿羊，藉由點擊觸控螢幕來操控小綿羊的移動，躲避來自四面八方的攻擊，直到達到關卡限制時間或是達成過關條件。本遊戲採用無限輪迴的遊玩方式。也就是說，你可以一直玩下去，玩到 100關，甚至是1000關，但是隨著關卡數的增加，關卡也會變得越來越難，所以想要破到後面的關卡，並沒有那麼容易。
9_Note,YFBLBC3qgww,,Note是一個可以上傳dropbox的備忘錄App，可以隨時的記錄你現在的心情、記事、旅遊，幫助你記憶生活上的小事物，會將這些文字上傳到dropbox成為一個txt文檔。
10_ViewToPDF,L_wY9TPG3gw,,可將現在手機相簿的相片直接透過NSMutableData直接抓到Data，再利用context存起來，利用UIGraphicEndPDFContext即可轉成PDF檔案，怎麼設計你的View，輸出就是你設計的那個樣子(圖片移動縮放等等…)，轉成PDF後，可直接丟入Dropbox存起來PDF檔案。
11_BouncingBall,B9PYUf3gYVg,,遊戲開始時有一個磚塊位置於螢幕正中央，周圍共有 36 個黃色與綠色磚塊，中間的磚塊可以用重力控制，並且撞擊周圍磚塊，當把周圍磚塊都碰撞完後，遊戲結束。觸碰螢幕或按 home 鍵跳出都會讓遊戲暫停，顯示 Pause alert view，最後會顯示這局遊戲總共花費時間，可以選擇結束遊戲或重新開始。
12_Snake,egSZjbIq53o,,我們將製作一款復古的貪食蛇，將會有一個介面選擇，LEVEL越高蛇移動速度越高，遊戲進行時會有紅點可以供蛇吃食，紅點一次出現一個，位置隨機產生，當蛇吃了紅點，蛇身將會變長，遊戲牆壁不存在，從左(右)進入將從相同Y位置右(左)邊出現，從上(下)進入將從相同X位置下(上)方出現，當撞擊到自己身體時遊戲結束。
13_QuickClock,wm7e5x6sUoM,,可以設定多個鬧鐘時間，並設定開/關，以及幫此鬧鐘時間命名，設定好後會抓取日期時間，紀錄日期時間，判定是否到達時間，最後響鈴提醒。
14_JumpingJake,lxRlt0kCIgw,,利用手勢點擊畫面任何地方使人物跳躍，閃過障礙，可選各種關卡地圖，有冰雪、熔岩、糖果、山脈等等地圖，撞擊到障礙物和畫面上下邊緣就會遊戲結束，結束時會紀錄遊戲分數。
15_lights out,GBRvJ7N_tVE,,製作一個需要意志力與益智的開關燈小遊戲，開始時可選擇不同大小的大樓，來決定遊玩時的難度。 當選定難度後，畫面將會出現不同數量的房間，當開關一個房間的電燈時，其樓上下與左右將會跟著改變開關狀態，將整棟大樓的燈全部關掉時，即完成遊戲，遊戲完成時將會列出開關次數與花費時間並會記錄最佳成績，此外，我們擁有設定選項可以切換主題的佈景與音樂，以及開關是否靜音。
year,103,final,
1_AMau,97eziUMHW4s,,在 2013 年九把刀拍攝了一部電影“十二夜”，社會上漸漸開始關心流浪動物 的議題。在網路上有許多的網站提供想要領養動物的人瀏覽。但是平常在瀏覽 網站時，我們也許會利用到滾輪快速瀏覽，一個不小心瀏覽快就會忽略掉細節 的部分。在我們所設計的 AMau 中，我們利用到卡片堆的方式，讓使用者能夠 一一瀏覽所有小貓的資訊。
2_MyTravel,dW8V2ieThYk,,一個人在旅行時，能夠方便紀錄自己所購買的物品的APP，能夠記錄多個行程、 設定行程類別、設定匯率、自動轉換匯率、統計金額、以圖表方式顯示各類別的金額比例。
3_GodofTower,GuqegKn5KEA,,基於神魔之塔卡片進化時，常因 背包容量有限，不能堆放過多進化素材，因此設計能根據想要進化的卡片，統計所需素材的應用程式。
4_Planet Maker,QsCu4G4KXM8,,「照片星球化」是一種特殊的照片呈現方式，通常想要將照片後製出這種效果需要對Photoshop等修圖軟體有一定的熟悉度才能製作。我們想設計出一種影像後製App，可以在移動裝置上將圖片或影片作一鍵星球化特效，並可以設成桌面或者分享給親朋好友們！
5_TwitchLive,0WWek7L4eQM,,我們打算利用Twitch API修改Twitch App的缺點，並增加一些之前沒有的功能，像是播放實況頻道(playing) 、追蹤實況清單(following)、頻道開播通知(stream notification)、關鍵字訊息紀錄推播(keyword notification)等等。
6_Travel notes,wQe9edLSNwM,,我們製作的一個生活旅遊記事，能通過自動偵測您的GPS位置與相冊中的照片，為您快速製作成一個旅遊手冊， 可以讓您看到自己的、旅遊日期、照片、感動後留下的評語、並收藏等等，提供分享到Facebook讓好友也能一同分享你的經歷。
7_Happy shaking,EUwTfo0TjSg,,現代人生活到處充滿壓力，需要適度紓解，因此提供一個可以上傳照片、並揮動裝置造成打擊效果並發出打擊聲，讓使用者紓解壓力的APP。
8_ToReadList,-Ih2_iBLBrE,,去書店或是逛書展總會看到許多有興趣的書，但回到家很容易就忘記想看 的書有哪幾本。常見的作法可能是看到有興趣的書馬上把封面拍下來，但這樣 管理又相當不容易。有沒有什麼好方法能夠幫助我管理有興趣的書單呢？ 因此提供一個可以掃描二維條碼的APP，方便使用者獲得書本的相關資訊等功能。
9_Taipei Travel Map,QWkEkfYAs40,,一個有關台北旅遊的全面APP，包括顯示景點資訊、顯示住宿資訊、顯示微笑單車、 顯示公車站牌、顯示公車動態資訊、顯示天氣資訊、顯示捷運地圖等功能，每個項目都有地圖模式可以查看。
10_Pollo,0aA0yUqk9DE,,這是個輕鬆小品遊戲，需要將逃跑的動物抓回來，若動物逃走會損失金幣，如果金幣歸零就失敗， 遊戲一開始動物即從中間開始逃跑，初期會被柵欄所阻擋，但後期會撞破柵欄，需要撐過一段時間才能成功！
11_Safely taxi,sUr4e2FpGqg,,很多人們，特別是女性，在搭乘計程車的時候後，並不是非常的放心。可能擔心萬一司機心懷不軌， 擔心自己的生命財產安全，擔心有甚麼突發事件發生，或是擔心有意外發生。所以我們想設計一個軟體， 讓使用者可以在搭乘之前，紀錄好搭乘之計程車的車牌，然後軟體就可以記錄行車路徑，並設定計時器， 若是這個計時器一直沒有被取消的話，軟體就會自動發訊息給指定的手機，通報安全事項。
12_Dynamic Bus Information,39RC_uApvuk,,本程式提供使用者查詢公車動態(根據線路查詢行駛中公車位置)並利用定位功能尋找附近公車站牌。
13_iSport,8xn3XCqtWRU,,本程式讓使用者可以藉由APP來幫助自己運動，使用者第一次需輸入個人資訊，用以做註冊， 之後開啟App不需再輸入資訊，App已儲存個人資料，之後可選取健身功能，當點選項目後，則顯示該健身的文字說明， 按下開始按鈕，進行本次健身引導；App依各動作不同，倒數不同秒數，輪番播放健身動作圖片；每做完一組動作(秒數歸零)，則進行下一組動作， 當播放完一輪健身動作，則記錄「當前時間」於「健身紀錄」中，使用者可點選「健身紀錄」，觀看健身歷史紀錄，檢視健身情況。
14_sche9,WG1Xqcj9_PE,,為使用者設計一款自動排班的APP，可更改主題、更改佈景主題、更改行事曆語言、 點選行事曆上的日期、選擇帳號、選擇無法工作的日期、點選排班、選擇希望排班的區間。
15_At the movie,otDTmgShQao,,讓使用者可以藉由拍取電影的海報照片，辨識照片影像比對出對應的電影，找到該電影的時刻表提供給使用者的APP。
16_EasyTenki,Bzt_aTY2dO0,,本App使用氣象局資料提供最新雷達回波與衛星雲圖，並從氣象局OpenData服務獲取測站天氣要素觀測資料， 使用者可輕易的透過本App有效率的確認天氣狀況，本App重點在於，將現有的線上資料於手機上簡潔且清楚的呈現， 並可自定義各項參數來調整動畫顯示方式(張數&速率)，調整自訂測站位置以及測站更新頻率，在獲取觀測訊息上達到比使用官方或第三方App更好的使用經驗。
17_WatchFood,30uu1BduEAU,,"讓使用者能藉由Apple watch的便利性,選擇喜歡的餐廳時,能更方便的找出最近的餐廳。"
18_My little chef,f3kuFhB3lUg,,現今有許多人因為工作或求學的緣故而獨自生活在外，三餐往往在外面解決，使得久久才在家裡下廚一次，也因為如此，冰箱裡總堆積著許多剩餘的食材，最後只能丟掉而造成浪費，但想把食材消耗掉，卻又不知道要如何下手，為了解決這個問題，我們提供了一套實用的應用程式，幫助使用者消耗掉冰箱剩餘的食材，並給予適當的推薦，透過簡易的圖文說明，讓使用者能夠很容易且快速的烹煮出新菜餚，同時也使得這些剩餘的食材能夠發揮更大的價值。
19_VoiceRecorder,XMPItitZbsU,,製作一個有關聲音處理的APP，讓使用者在戶外教學或課堂時可以使用APP的大聲公(放大聲音)、聲音錄製與播放等等功能。
20_Four newspapers,U_j9FZI-lrA,,讓不想繁瑣的查詢網路新聞，且又不想買報紙的使用者可以使用此APP快速瀏覽國家大事。
21_iCards,zSlyN8hqpCc,,這個構想來自於高中時期，這個時期開始大量背誦英文單字、片語等，常常會買一個小卡，將單字英文中文， 分別寫在在卡片正反面，利用各個零碎片段，將小卡片拿出來背誦，隨著科技的發展，我們可以藉由每天形影不離的手機來取代， 因此，我們建構了一個App，可以完全的將小卡所扮演的功能充分表現，讓使用者隨時隨地，可以打開自己的單字庫， 將這些單字慢慢地轉換的我們大腦的記憶區，我們稱之為iCards。
year,104,final,
1_哀居,IZtr7ibbOgE,,提供區域的資訊包括懸浮微粒、房價等等資訊，並提供貼文分享平台。
2_Whisper,XW2q-bXQ7XU,,近年來通訊應用程式日益普及，而通訊上除了透過Wi-Fi外，最重要的就是3G網路，但隨著擁有行動裝置的年齡層降低，不是每個人年齡層都負擔的起網路費，因此本APP透過藍芽將能讓距離教為接近的人，能夠互相通訊聊天，最適合在教室裡偷玩手機的學生族群。
3_MyDrawing,KXbFclZM08I,,一個簡單的繪圖板，可以選擇不同顏色、筆觸來繪畫，並將內容存成圖片，且可藉由藍芽來分享繪圖。
4_Moving Fat,RA3epEo-3Gg,,為推出一個運動養成人物遊戲，可藉由FB登入個人帳號，藉由計步功能來累積遊戲中的能量值，可藉由此能量值來提升個人的虛擬素質及虛擬物品，還有排行榜可與好友競爭，促成鼓勵人們運動的目的。
5_Shooting Game,AFo9-VkmUZw,,設計一款小型的射飛鏢遊戲，遊戲中有Player與Monster，Player不能讓Monster跑到自己的領域中，Monster接近時要用飛鏢擊倒它。
6_IDiary,Ry30JpeIdLI,,"一款仿造日記本的 app，特色是可以在頁面 ""任一處""隨手塗鴉,新增照片的功能，記錄每天的生活點滴，文字輸入採用手寫的方式，更貼近生活風格，打造出獨一無二的日記本。"
7_貓咪大戰爭,75iC-_bsT_0,,模擬貓咪戰爭的遊戲，藉由藍芽連線來與玩家對打，雙方可以藉由消耗能量來召喚不同種貓咪兵種進行戰鬥，以擊破對方的塔為目標。
8_彈跳小黑炭(聲控小遊戲),zh0Ky-dGz84,,以有別於傳統的控制方式添增遊戲樂趣，本遊戲以聲音來控制遊戲人物的移動，且依據聲音的音量來調整移動幅度的大小，使人們可以藉由聲音與本遊戲互動。
9_Basketball Game,yGOg0jaGvoA,,投籃小遊戲，藉由偵測手勢滑動偵測投籃的力道與方向，進行投籃。
10_溫度濕度監控與家電控制,B8ZCjY2NiGk,,溫度濕度監控與家電控制。
11_中國象棋,tZLtMIe3N4c,,實作一個可以讓人同支手機互相對弈的中國象棋遊戲。
12_Friend Balls,UhiKnqKzIIw,,我們參考Tsum Tsum這款手機遊戲的玩法並加上社交與惡搞元素，利用朋友照片創造出獨一無二的人物球，使玩家能夠使用朋友球進行遊戲，增加樂趣。
13_Sudoku,Wa-WMQOd9zM,,由於紙本數獨會造成浪費紙張，且有錯誤修改不易，加上檢查答案費時費力，另外計時也很麻煩，透過手機遊戲來改善傳統數獨的諸多不便。
14_傳染疾病知識家,fFYJWIRZrIQ,,建立一個疾病知識庫，可以選擇要查詢的疾病項目，方便提供民眾查詢。
year,105,final,
1_Instagram clone,OlQxRuhQHqU,,"實作一Instagram基本功能的App, 它有以下功能：1.使用email作為username註冊與登入 2.上傳相片與相片描述 3.追蹤其他使用者 4.對相片做評論 5.下拉更新"
2_Good Price,X0aPlkpYKus,,這是一個方便網路購物比價的應用程式，使用者可以輸入關鍵字去搜尋價錢，它會依照價錢或相關性做排序。
3_地圖記事本,,,使用者可以設定自己的資料，也有加入好友的功能。在查看地圖時點選欲查看的地點可以看見該地點的詳細資訊，選擇空的區域可以新增記事及特色照片，此外有歷史紀錄的功能，可顯示所有朋友去過的地方。
4_貓的刨恩,atGJ6r-xOH4,,為記錄貓咪的糞便健康紀錄所做的APP，可讓使用者註冊並登入，能夠更改貓咪的圖像。
5_HaoGood,4HzU2AoZm9Q,,以簡單、一目瞭然、加上直覺化的操作方式，讓使用者能夠紀錄每日的生活開銷、收入，及規劃每月預算，進而追蹤花費的比例與流向。
6_CaseBook Lite,Ae4pEd0i1Qc,,專為酒店與酒店的媽媽桑設計的App，酒店可以記錄顧客的資料，方便媽媽桑與小姐調閱，陪酒時小姐可以快速方便紀錄客人資料，能夠倒入雲端後台，以多平台使用顧客資料。
7_記帳本,IGguWZLPFx0,,可以記錄每日花費，每一筆花費的詳細記錄均會儲存在手機中，統計圖顯示所有花費及比例。
8_好學生程式,s0KxVKQi3Dw,,協助學生能夠紀錄需要完成的目標，告訴學生當前的課堂是甚麼，依照完成的作業數量可以換取一天的休息。
9_Artistic Camera,7L519qVJigo,,這是一個「藝術相機」，可以輕易地將相片做後製！主要功能有 1.有兩種管道來取得想要後製的相片：-相機拍攝 -相簿選取 2.內建多種濾鏡來處理相片 3.處理完成的相片，可以儲存在硬碟內，亦可上傳至 Facebook 分享。
10_Selfie Shoot,R9aBMyzTGPk,,製作一台自拍機。
11_HyPro TH,qeEV_CqAK58,,此應用程式可與指定的溫溼度感測裝置進行連接並讀取當下的紀錄值。可藉由藍芽搜尋附近的相同型號裝置。一個UIView用來顯示圖表與下載的紀錄繪圖。藉由讀取到的裝置於ChartView上進行繪製圖表。(即時)可暫停資料下載並於恢復時繼續繪圖。兩個Lable顯示讀取到的溫度與濕度。圖表支援手勢控制進行縮放拖曳。手動輸入警戒值於圖表上。一鍵清除畫面。適用於Iphone；IOS10以上使用者。
12_Lunarrator,R3b9vNbw69U,,結合記事本與農曆的記事APP。
13_Day Note,1A-bqsp_Pxg,,1.時間軸– 以時間軸的方式呈現每日日記 2.新增日記– 手動新增屬於自己的日記 3.相片牆– 可以從相片牆查閱日記 4.標題搜索– 可以搜索標題、地點，方便尋找回憶 5.分享– 分享給朋友自己的想法
year,106,final,
1_點餐系統_L.A.T,CyzjduSz1H8,,我們為了以後發展的空間，例如ERP系統的呈現先以點餐系統基本的操作為先驅。
2_唯記,kXx_qt13HUE,,這是一款隨手記錄你生活旅行的App，它可以記錄在臺灣你的旅行足跡。當你每到一個縣市遊玩、居住亦或是路過時，你都可以相對應的進行標記，不同的點標對應著你不同的經歷，記錄著你走過的足跡。當選擇重置鍵的時候，可以把點標去除。
3_「快好記」記帳APP,Qb3SqHI-x8c,,"本應用程式有以下功能：新增收入或支出紀錄、每一筆交易都提供照片與備註(可選)、顯示交易紀錄的總表、顯示單筆交易紀錄詳細資訊的頁面、統計目前餘額,平均支出及最大支出頁面、刪除收入或支出紀錄。"
4_迷宮球,XgyBNAE11RQ,,本應用程式有以下功能：關卡進行中時，會顯示剩餘時間、觸碰螢幕，遊戲暫停，並顯示訊息，告知使用者繼續遊戲，或是重新開始、藉由轉動iphone來讓球移動、當球在時間內移動到終點，就過關，並顯示過關訊息、當球在時間內尚未移動到終點，就失敗，並顯示失敗訊息。
5_Accounting with currency app,hLNruqFKkOE,,當我們出國旅行時，時常會記錄各個品項的金額，然而金額的單位都會是當地所使用的貨幣，所以我們開發了一款記帳的Application，有著基本的記帳功能及匯率換算的功能。
6_Courses Helper,,,北科選課時間表生成系統
7_話題製造機,A5op9dgaeFM,,陌生朋友的破冰、利益關係（商業）
8_House Measure Tools,G0_gsMzQok4,,打造一個室內設計功能的app
9_Week Plan,WrphyJPAEKg,,建立一個『週計畫』app
10_訂餐系統,qCH3hmI9nkk,,在百貨公司美食街或是學餐，往往都需要先找到位子後與朋友輪流到各個櫃檯看菜單，既耗時也不易快速知道所有櫃檯的菜單，所以開發一個可以讓顧客只需找到位子，並且在位子上就能看到所有櫃檯的菜單，在位子上就能點餐，以手機震動及提示訊息作為叫號裝置，取代在百貨公司的震動裝置。
11_CHEESE TRAP,Joo8f-n8zSs,,簡單好上手的打磚塊遊戲。
year,107,final,
1_小綠編輯器,1e_OKgOsQXw,,一款根據檔案系統開發的文本編輯器軟件，幫助使用者快速的添加文本、查找文本、儲存文本，並且操作簡單，界面美觀，適合平時生活中的使用。
2_記帳小幫手,Ueb2Eaa9RRc,,幫助記帳的App，可紀錄商品名稱、購買日期、購買金額等項目，並可做記帳清單的統計整理。
3_Room Mate,1qDTZhicGnQ,,在現在科技冷漠的時代，通常很難遇到在外租屋的室友，室友們可藉由此App，共同溝通並留言解決生活大小事。
4_Quiz King,2y0NKkgecWI,,一個益智問答的遊戲，結合了知識和發大財兩個特點，知識是人對某個特定主題確信的認識，而發大財就是運用自身所擁有的知識來累積財富。為了實踐這兩個核心概念，我們打造了這款 App，希望透過腦力激蕩，提高國人平均知識水，讓大家玩中學、學中玩。
5_貓咪實驗室,ZaoLjb4atk8,,一款紓壓的貓咪小遊戲，可在遊戲地圖採集素材，並合成各種可愛的小貓咪。
6_Resistor Game,KvwYqUCD4uA,,很多人不太會計算電阻值，我們在做電子實驗時選擇正確的電阻是很重要的，因此我們設計此應用程式，幫助使用者學習計算電阻值。
7_Cone Status,D9l6XEGyjgQ,,此應用程式結合sensor感知安全三角錐之站立狀態，若有傾倒的情況可立刻得知並將位置顯示於地圖上，使用者可快速對應處理。
8_English Plus,XQRshCfOvpw,,一款英語學習App，可閱讀最新之英語外國新聞，並可查詢常用英語單字，抑或是透過鏡頭偵測物品顯示其英文名稱，幫助使用者學習英文。
9_日語學習App,COagazFI4ek,,一款日語學習App，可閱讀最新之日語外國新聞，並可查詢常用日語單字，抑或是透過鏡頭偵測物品顯示其日文名稱，幫助使用者學習日文。
10_Beauty and the beast,Y0SHhMir-ZM,,此App是相機顏值評分器，顧名思義就是要替顏值打分數，將顏值數據化，讓使用者測出的顏值具有公信力！
11_記帳小本本,MCWX821-jkw,,當我們和朋友一起出去玩的時候，有時會出現某些錢某人先付的情況，而旅途結束要算帳時，會發現錢很難算清，人工算甚至還有算錯金額的可能。但只要使用此APP，即能輕鬆解決此情形。
12_記帳系統,1L977P8Fazk,,一個記帳App，可簡單紀錄生活大小支出與統計。
13_逗貓大作戰,7VqiTdiEDaE,,一款輕鬆的乒乓遊戲，可選擇Easy、Medium、Hard三種難度，以及雙人模式。
14_Forex,0novnjqQAo0,,Forex主要用於外匯走勢與模擬交易之預測，利用機器學習搭配伺服器後端，使用者僅需要調整幾項設定便能取得外匯走勢預測結果與模擬教義預測之獲利。
year,109,final,
1_iBand,scJ0Z3wfR8Q,,We love music! We want to customize a music player.
2_Noveler,MWzVWHJfRfg,,很多時候在閱讀完一本書時可能過了幾年就忘了自己是否讀過，所以想用APP記錄下來。
3_AI瘦身,t3_byYQDepQ,,"1.姿勢預測 →轉換卡路里(AR-Kit)<br>2.易中難三種運動類型<br>3.運動語音提示(TTS)<br>4.圖表紀錄：a.體重變化&nbsp;b.卡路里消耗&nbsp;c.日曆<br>5.推播通知<br>6.背景音樂<br>7.支持iphone與ipad<br>8.本地資料庫，支持離線運作(Core Data)
"
4_懸疑解謎遊戲-小紅帽,I3wuoXiq108,,現在很多市面上的遊戲APP，例如：《Tap Titans》玩家只要不斷點擊螢幕，不需 要動腦就能通關遊戲，許多玩家對此種遊戲樂此不疲，在此種遊戲APP上花費大量時間，讓人們逐 漸失去動腦玩遊戲的樂趣。為了找回玩家們對需要思考遊戲通關方法的樂趣，我們希望藉由謎題讓 玩家找出答案，訓練思考靈活性。
5_Medicine Notifier,vmQnmvwXAgo,,⼀般⼈⽣病時，醫⽣會要求病⼈按時服⽤藥物並每次服藥間隔⼀段時間，但 病⼈往往會忘記按時服藥。病⼈想要⽤ App 提醒⾃⼰按時服藥，但是現有⼤ 部分的 App 只提供指定時間提醒的功能，⽽不是間隔⼀定時間的提醒功能。 我們想要開發適合這個情境的 App。
6_Lab財產一點通,8vBEAmUogRo,,"開學看到學長點財產點得很辛苦，覺得做App出來會有幫助
App將會有以下功能：<br>登記財產：掃描條碼或手動輸入財產產編，並可拍照記錄外觀品樣。<br>瀏覽財產：以List呈現財產資料，並可過濾 & 排序<br>開始盤點：開始盤點後，可以不斷拍照或輸入文字來輸入產編，並檢查財產表內的資料，如有則跳出確認盤點視窗。結束盤點後，用List呈現盤點狀況（已盤點、未盤點, etc.）<br>盤點紀錄：每次盤點都會生成一筆紀錄，可回頭檢查以往盤點結果
"
7_天氣預報＆新聞追蹤,Dxr0G0uqwv8,,■天氣氣象追蹤功能<br>1. 使用API功能追蹤台灣監測站的天氣資訊，在同一個頁面顯示天氣、溫度、濕度、日出日落、降雨機率等。<br>2. 輸入地區查詢未來一週之天氣預測。<br>■目的地路途<br>1. 偵測使用者所在位置，輸入目的地可知道所在位置與目的地之距離，並且提供可行之路徑。<br>■新聞資訊<br>1. 版面上會顯示一些新聞資訊，點擊後會進入新聞頁面。
8_COVID-19 Reporter,wF_EHAR6Uz4,,"Because of the outbreak recently, need an app to quickly let me know the situation 
about the country I focused on"
9_Hände frei Rezept,-2YLGkcrDQ8,,以增進⽣活便利性為發想主軸，發現料理時常因雙⼿觸碰食材，⽽遇上翻閱食譜的⿇煩，儘管已有電⼦食譜出現，但根據研究指出⼿機上的細菌比⾺桶多上10倍，為提升⽣活便利及因應Covid-19衛⽣問題，開發無接觸食譜App。
10_Pokédex,V9WL4a5qIM4,,寶可夢是我們的童年記憶，然後我們思考如何結合這學期所學的東⻄來做⼀個和 這個相關 的專案，所以我們期末專題打算使⽤ Swift 編寫⼀個名為 Pokédex 的應⽤程 式，以獲得 Pokémon 的相關訊息，我們將透過 ARKit 顯示寶可夢的 3D 模型，並有使 ⽤ CoreML 去預判寶可夢的功能。
11_chat area,S0wKDXvsmLQ,,提供空間給用戶創造新的帖子和回覆<br>○登入和創建賬號<br> ○ 開新帖子<br> ○ 回覆帖子<br> ○ 在index查看帖子清單
12_Memorize.io,XbUVhClgEEk,,想製作一個多人遊玩的小遊戲合集，鑑於目前市面上關於記憶遊戲的合集較少，因此方向定為記憶遊戲
13_Food Rabbit game,byB5yo8u070,,■ 這是一個殺時間的小遊戲<br>■ 協助立志要當上外送員的兔子Pekora完成訂單任務<br>■ 此遊戲不僅要完整的採買好所有東西，而且還要在時間內完成才會過關
14_防疫日記,-PV8ahhsfF8,,可以清楚地記錄行蹤，在疫情爆發波及到使用者時，方便追朔
15_Re:minder,gn_GISF-xZs,,"● Save and Load data<br>Data storage, saving the datas to keep the state of each users on their local device, loading the datas to display on the UI view.<br>● Display by Card<br>Cards display in the lists. Each card shows a to-do thing for the <br>user. This is much easier to separate from each task.<br>● Auto Notification<br>Users are able to set a time. App will send notifications on their lock screen, notification and banner.<br>● Sharing<br>Share your to-do thing with friends. It’s really helpful for the team and kind for those who used to check the calendar."
year,110,final,
1_SHAKYA,z2r_9JMYKrA,110/1,<br>透過Google帳號登入ＡＰＰ<br>發佈⽂章<br>⽂章可按讚留⾔檢舉<br>新增好友<br>與好友聊天<br>修改個⼈資料
2_EaseChat,I263u_xgjC8,110/2,<br>○ Simple log-in and sign-up<br>○ One-to-one chat<br>○ Real-time text transmission<br>○ Easy for multitasking<br>○ Operating at any time and from any location using WiFi or cellular networks
3_SuSuSudoku,BOH4kjHBRaA,110/3,<br>1. 開始⼀個 n x n 格的數獨遊戲 (n = 9)<br>2. 遊玩途中可以暫停、繼續遊戲<br>3. 可以在空格中填入筆記，紀錄可能為答案的數字<br>4. 每⼀局提供 3 次提⽰，直接提供那⼀格的答案給玩家<br>5. 提交答案前，可以修改任何空格裡的數字<br>6. 遊戲過程中會計時，送出答案並驗證正確後，可以紀錄所花時間⾄計分板<br>
4_Kitchef,QqLniLSxTy4,110/4,"<br>We often open the fridge and stand in front of the fridge for a very long time thinking what can we cook with all those ingredients. To solve this problem, we made an application called Kitchef.<br>The user can search the recipe by ingredients to prevent the problem of having the perfect recipe for the meal but missing few ingredients."
5_公車即時動態查詢APP,epPdtZaraGw,110/5,"<br>因被youtube判定有違反youtube政策（騷擾與網絡霸凌）<br>因此有配音版本上傳到vimeo上 : <a href=""https://vimeo.com/724825958"" style=""color:cyan""> https://vimeo.com/724825958 </a><br><br>不管是上班族通勤或是學生上學，公車都是很多人會選擇的大眾交通工具。於是我們想要設計一款公車即時動態查詢的APP，讓使用者無論在哪都可以即時查詢公車動態、附近站牌、到站時刻、等資訊！"
6_Swiftty Bird,2KNZ8unrGz4,110/6,"<br>Pay respect to the origin, pay respect to the classics."
7_Online Stationery Store,NdYMdquGWz4,110/7,"<br>In order to prevent infection during COVID-19, we should reduce social contact to protect ourselves and others. The most effective method is to keep a social distance. Therefore, we want to build an online stationery store. Customers can use this app to easily buy stationery without going out in crowds."
9_金錢管理大師,YLgBJnVjQ8g,110/9,<br>金錢管理大師是一個記帳App，原本希望加入「升級」的元素來讓它不再單調，搭配成就等等，讓使用者可以藉由升級與收集的快樂常駐使用，但很遺憾我們並未將它實作出來，因此目前就是一款記帳App。
10_單詞樹2.0,hc7aW6Jvjxc,110/10,<br>最近身邊有很多的朋友都去考多益，我們也開始有想要挑戰多益的想法，於是開始接觸練習英文單字的App，這次的期末專案也正好可以替自己做一個背單字的App
11_Pokémon AR,V-NHd7Uxwm4,110/11,"<br>For a long time, some questions always haunt me. That is, can Pokémon Go actually equip with full potential of AR? Can Pokémon Go be more like its predecessor?"
12_DigitalCat,1M-7nTPrQsI,110/12,"<br>使用者可以登入<br>紀錄會存取在Firebase<br>認證<br>存取 E-mail, Password, 圖鑑紀錄<br>選擇想加入的素材<br>解鎖圖鑑"
13_Day Two,vKiIbc1y65o,110/13,<br>現今，人們有時會忘記日常瑣事，而日記的習慣也漸漸的消失，我們認為讓每天的回憶透過文字、照片、天氣等等的方式儲存起來，能有效的讓各種事物留在記憶中，既能起到提醒的作用，也能起到紀錄珍藏回憶的功能
14_北科小蝦皮,cOfqCNGT1uc,110/14,<br>1. 分類頁面搜尋特定類別的商品<br>2. 首頁顯示熱門商品及推薦商品<br>3. 購物車頁面顯示加入購物車的商品，可以刪減商品，或是結帳<br>4. 關鍵字查詢想要的商品<br>5. 會員中心顯示自己的消費紀錄<br>6. 查看及修改自己的帳戶資料
15_EasyChat,s30qPZc92cs,110/15,<br>市面上有許多方便好用，來⾃不同社群網站或公司所做聊天軟體，都各有特色且功能強大，但是許多聊天軟體除了主要的聊天功能外往往都會有許多其他額外的功能，所以我希望能夠針對「聊天」這個主軸來設計一款專注在聊天相關的功能上的應⽤程式。
16_HTTP CLIENT,kW1g1WvbLh4,110/16,<br>• Can send a http request<br>• Can set param in request<br>• Can save recent use or favorite<br>• Show what response got
year,111,mid,
111318064 犀牛盾App,kQH0HY-9h-k,,RHINOSHIELD 犀牛盾是一個享有盛譽的領先手機防護配件品牌，許多人都有透過網路商店購買過他們的產品。然而，就我所了解，犀牛盾目前尚未推出專屬於他們的商店應用程式。為了彌補這一缺憾，我開發了一款犀牛盾APP，讓用戶能夠輕鬆選購心儀的商品，提供便利的購物體驗。RHINOSHIELD 犀牛盾是一個享有盛譽的領先手機防護配件品牌，許多人都有透過網路商店購買過他們的產品。然而，就我所了解，犀牛盾目前尚未推出專屬於他們的商店應用程式。為了彌補這一缺憾，我開發了一款犀牛盾APP，讓用戶能夠輕鬆選購心儀的商品，提供便利的購物體驗。
111598083 照片修改功能APP,DVAluyUhzds,,可透過email  及密碼 建立個人帳號，並於登入後，透過可開啟相簿，或是檢視列表所讀取之firebase中相片資料，來選取單一照片資料載入app暫存。<br>載入後之相片資料可上傳為新名稱相片，亦可選擇進入畫布介面進行修改，目前可修改功能包括：圖片尺寸縮放、整張圖片改變位置<br>尺寸縮放由按鈕控制，而改變位置則是由手勢拖移操作，更改後之圖片經按鈕決定儲存後，系統會自動回到圖片上傳/下載介面顯示該圖片，可對該圖片進行上傳或是再回到畫布編輯。
111598084 LabPal,kxMH56XTSKc,111-mid/111598084,『LabPal研究好夥伴』是一個實驗室資訊整合的應用程式，旨在為研究團隊提供便捷的協作和資訊管理工具。這個應用程式結合了多項實用功能，使研究團隊能夠更有效地進行研究工作。
111c52004 可不可訂購App,KsHNpdtPMgw,111-mid/111c52004,為您呈現⼀款專為飲料愛好者打造的訂購 APP！擁有豐富的飲料種 類選擇，讓您能輕鬆挑選⼼儀的飲品。現在就下載這款 APP，體驗 全新的訂購體驗！
108590062 電影評分APP,Bzqr8FLusEc,,我這次做得APP主題為電影評分的APP，裡面可以提供使用者們對於自己所看過的或者是喜歡的電影進行評分上傳到此APP，並且可以自己加上喜歡的電影封面，以及對於這部電影的一些細節描述以及心得感想在裡面，再新增之後其他使用者也可以點擊進入頁面查看自己所留下的電影介紹，方便讓其他人能夠自己介紹的電影有更深入的了解。而關於這個APP的擴充性，未來會考慮加上一個搜尋按鈕便會將搜尋到的電影統整出平均下來的評分，點擊進入就可以細看大家的心得以及評價。
108AC1026 MovieChat,4kDquDo085M,111-mid/108AC1026,電影心得分享應用程式，讓每個有註冊的使用者可以在上面互相交流觀影心得，發現更多更廣的電影，找到共同喜好的觀影者。
109590029 訂餐App,4vcep8FoPIU,111-mid/109590029,我做的App是呱呱訂餐，可以利⽤此App來訂購餐點
109590030,XHLFEB4HNCk,,
109590054 超商選購APP,l5vvdOlreRw,,"這是一個超商選購的APP，可以讓你更快捷方便的找到你想要的商品
功能包括(登入，註冊，歡迎介面，查看商品資料，增加商品庫存，加到購物車，查看購物車，刪除商品，登出，再見頁面)"
109590059 BuyBook,V1hDdgOoygU,,我做一個可以購買書的App<br>1. 首先第一個頁面就是登入帳號<br>2. 如果還沒有帳號，需要先註冊一個帳號（Firebase的Authentication會跟著增加剛剛註冊的帳號）<br>3. 註冊好就可以馬上登入。<br>4. 主畫面主要有書籍分類選擇還有書類的選單。<br>5. 可以點擊書籍的框框可以看到食品詳細內容。<br>6. 按返回鍵回到主頁可點擊購買按鈕庫存會減少一個並且 出現在購物車中<br>7. 按購物車按鈕可以切換到購物車頁面，並且顯示購買的書籍項目<br>8. 按下返回鍵回到主頁按下新增庫存按鈕庫存會增加一個<br>9. 最後如果不使用此系統了按下登出按鈕就會將帳戶登出。
109AB0450 練團室預約App,YZU7JUy-Wig,,"⽬前⼤部分的練團室預約以電話預約為主，少部分提供網站預
約服務。若使⽤APP整合全臺灣的練團室預約服務，將更⽅便、能發
揮產業效益。⽬前功能包含：註冊、登⼊、練團室⼀覽、預約功能
（可選擇時間及練團室種類）。未來擴充可增加地區篩選、價格篩選
等功能。"
year,111,final,
1_ANIMALIA EXPLORER,AO5H9BjnOaw,111-final/1,"我們的APP旨在增進使用者對動物的認知和理解。通常，我們只知道動物的名字和大致的長相，對牠們的種類和特性缺乏深入了解。為了解決這個問題，我們開發了這款動物識別的APP，並結合OpenAI的API ，讓使用者可以透過互動的方式獲得更多的相關資訊。此外，我們還融入了虛擬實境技術，可以將虛擬的動物實際放在現實的生活中，讓使用者在家中也能輕鬆建造屬於自己的動物園。
"
2 DJ Box,aEWFJaKn5FE,111-final/2,"DJ Box 介紹<br>
·選擇音樂風格 - 根據使用者喜好、需要場合等推薦適合歌單。<br>
·智能歌單 - 根據使用者提供的條件推送最合適的歌單。<br>
·替換歌曲 - 若使用者不滿歌單中的曲目可要求系統替換。<br>
·跨平台播放 - 可以在 Youtube上播放DJ Box 生成的歌單。<br>
·分享歌單 - 可以將歌單分享給其他使用者。<br>
·個人歌單 - 可以將喜歡的歌單或歌曲收藏至個人歌單中。"
3 FaceHunterDemo,aybTO8acDZg,111-final/3,"FaceHunter 是一款自動偵測臉部位置來進行挑戰的遊戲 App，蒐集了
「FaceOn」與「PushUp」兩款遊戲。FaceOn 會隨機變換安全範圍位置，
玩家必須在時限內將自己的臉部放置在安全範圍，藉此得分。而 PushUp
要求玩家以伏地挺身姿態遊玩，藉由偵測伏地挺身時的臉部高度，限制
玩家要在特定時間以特定高度進行運動。整體而言，FaceHunter 是一款
自由的運動 App，可以讓人隨時隨地與朋友來場競賽。"
4 AR推箱遊戲,SovLYTcIgcc,111-final/4,"ABOUT THIS PROJECT<br>
·Firebase<br>We use firebase to store every user's final score, so each player has to create an account.<br>
·ARKit<br>When the game starts, it will load the maze model and use button to control the box and try to solve the maze.<br>
·Timer<br>We use timer to record the finish time of the game."
5 Kua Kua Delivery | 呱呱 外送,eV0RojX_XaI,111-final/5,"App功能介紹：<br>
• 利⽤ＡＲ技術來觀看產品實際樣⼦<br>
• 表情情緒辨別（face detection）<br>
• 上傳圖片可以判斷使⽤者需要購買什麼樣的產品<br>
• 客⼾註冊登入登出功能<br>
• 商品購物功能
"
year,112,mid,
01_decision_maker,B_IAe46-Wt0,112-mid/01,"這次的專案與期末專案沒有關聯，純粹是無聊，想要動手做做看的專案 
這案名稱為Decision Maker，專門為有選擇障礙的我們所設計的小軟體 
使用者可以依序添加項目至轉盤上，直到塞不下為止 
按下Append可以將TextField 裡的文字讀入，並顯示於轉盤上 
按下Start Spin 可以轉動轉盤，轉動持續時間為偽隨機變數控制 
Reset 可以清空轉盤並重新設定轉盤"
02_番茄時鐘管理app,rj3SgFtOHGY,112-mid/02,"·動機： 
最近看了很多書籍，又不想上網用現成的相關功能網頁（因為怕分心），所以我
自制了這個app，讓我可以提高讀書效率 
·功能： 
總共有四個按鈕，有兩個時間，一個自動按鈕，跟一個重置按鈕 
時間按鈕：按了之後會直接開始倒計時按鈕上相應的時間 
自動按鈕：會從25分鐘自動倒計時，歸零後會自動開始倒計時5分鐘 
重置按鈕：會將碼表時間歸零"
03_SitSmartDetection,r28Qlz5OyTo,112-mid/03,"功能： 
-選擇時間段 
· 年、月、週、日 
- 選擇時間 
· 第幾年、第幾月、第幾週、第幾日的增加/減少按鈕 
· 會根據現在的時間，設定增加的上限 
· 限制最低不能低於0 
-個別身體部位的選擇按鈕 
· 點擊其中一個，其他會呈現半透明色 
根據所選的時間段、時間、身體部位呈現，不同的選擇會有不同的結果： 
-平均分數 
- 根據平均分數呈現笑臉、苦瓜臉、壞心情臉 
- 平均分數的折線圖 
· 點擊折線圖可以呈現平均分數 
- 在個別部位下的姿勢所佔的時間圓餅圖 
· 點擊圓餅圖會呈現該姿勢所佔的時間比例"
05_全方位坐姿監測APP,S-_3aHMJ4IQ,112-mid/05,本系統核心功能為監測用戶在使用電腦時的姿勢，透過相機所拍攝的畫面，將影像經過人體姿態估計模型(Movenet)，再經過一個全連接神經網路，將人體關鍵點輸入後，得到用戶目前身體五個部位的所處坐姿，並且將監測結果記錄下來，透過圖表觀察用電腦的姿勢變化情形。
06_Mood Period,y_EzfyZQTUI,112-mid/06,"這是⼀個參考知名遊戲2048製作的程式，玩法、規則⼤致上都與2048相仿，唯⼀有顯著差異之處是
我將各⽅塊的介⾯改成Emoji，增加外觀上的有趣程度，並會讓⼈期待尚未出現的Emoji。"
07_圖形繪製軟體,EyrMLtOY9JI,112-mid/07,"特色：
程式遵照MVC架構設計，切分出表現用的View，與核心邏輯的Model。
其中有用到StatePattern，區分一般與繪圖的情況
使用Adaptor，讓核心邏輯內的圖形，在不依賴外部套件的情況下繪製圖形
使用class、protocol、typealies 組成 abstract class，用在各式圖形 class 的繼承
使用Factory 創建圖形物件
基本沒有跨層依賴的狀況
使用
開啟程式即可在右上角的「三種圖形繪製」做選擇，用手戳在空白處並拖動，即可繪製選擇的 圖型。Clear按鍵為清除畫布的按鍵，按下即可清除畫面上所有圖形。鼠標選項為無功能，此時 只能按clear 按鍵清除畫面"
08_memo,qEUAszI2UJk,112-mid/08,"可以透過底下按鈕新增卡片
點擊卡片可以進入編輯界面，編輯該張卡片
你可以在該張卡片中自由畫圖
編輯界面上方按鈕可以回到首頁"
09_FastingTimer,Zyb3ncSJWx8,112-mid/09,受前幾年興起的斷食熱潮所啟發，決定製作一個斷食的計時app，讓使用者可以決定斷食計畫，並且開始倒數斷食時間以及進食時間，不再需要自己記得幾時開始斷食、要斷食到幾點等等。
11_Paminit 迷你畫家,ARtngcLzp08,112-mid/11,「Paminit 迷你畫家」是一款簡單易用的插畫應用程式，它提供了各種功能，包括 調整鉛筆粗細、橡皮擦大小，以及豐富的顏色選擇，讓您可以隨時輕鬆地創作出獨一無 二的插畫作品。不僅如此，您還可以將您的作品保存到手機中，隨時隨地展示和分享。 立即體驗「Paminit迷你畫家」，滿足您的創作慾望！
12_輔助決定工具,X9mEireisVE,112-mid/12,"我們常常遇到不能決定午餐要吃什麼的情況，這個app能夠幫你作出決定，解決不知道午餐要吃什麼的問題。
在app裡輸入所有選項，ap會把選項隨機排序給使用者建議，如果使用者不喜歡這個建議可以滑動查看下一個建議
功能：隨機推薦午餐選項，一次顯示一個選項，左滑或右滑查看下一個推薦。設定頁面可以新增選項"
13_影片字幕APP,O-gE82Waa0k,112-mid/13,"由於在以前的專案中有開發過影片字幕的API，因此想結合以前的開發成果，並與這次的期中專案做結合，實現類似在語言學習或電影中常見的字幕跟讀功能，同時使用AVPlayer讀取網路上的影片，並追蹤影片播放的進度，跳轉至相對應的字幕。

主要功能介紹
•字幕跟隨影片進度
•點選字幕影片跳轉至對應時間軸
•影片暫停/播放功能
•前10秒/後10秒跳轉
•調整播放速度（0.5x ｜1.0x ｜1.25x ｜1.5x ｜2.0x）
•全螢幕模式"
14_飯店搜索,IHHgB78YWkE,112-mid/14,"功能：
1. 在畫面上方設定三個按鈕，分別為新增標註、顯示我的位置、以及新增折線
2. 點擊新增標註後會在北科大的座標放置大頭針
3. 點擊顯示我的位置後會跳轉至當前座標
4. 點擊新增折線後會在地圖上根據預先設定好的座標位置放置折線"
15_Ask something,D27OtOmT6vk,112-mid/15,"APP 特點
·以⼆選⼀的⽅式減少選擇範圍
·通過OpenAI API取得問題選項
·沒有語⾔限制
·沒有問題限制

功能
·提問問題
·通過OpenAI API取得10個選項
·⼆選⼀直到選出最終選項
·Reselect - 重新選擇當前全部選項
·Refresh - 清除選項和問題"
16_Capsule_Toy,puGmrRwTGyg,112-mid/16,"次數＆概率
根據欲抽獎項目提供的機率去計算「在抽幾次的情況下至少會中一次」的機率。將中獎的機率輸入文字框內，文字框有經過過濾格式，若是含有非數字的內容或是不合規的小數，將不會進行計算。
一番賞計算
輸入每種類獎品的剩餘個數後會計算單次抽獎時的每種類個別中獎概率。
文字框有經過過濾格式，若是含有非數字的內容將不會進行計算。"
17_Make Decision 選擇神器,r40PgSl01Ds,112-mid/17,"概念: 
協助選擇困難症，擺脫繁瑣的雜事抉擇，讓使用者可以將精力放在重要 的事情上。使用者可以建立屬於自己主題的轉盤，編輯轉盤項目及顏色，然後 Spin! 另可以當作桌遊道具，或是作為抽獎工具。 

UI 設計: 
簡潔為主，強調圖與轉盤，利用陰影、縮放增加空間感，UI量體與字 體設計成較大的樣式，為延伸功能之多人娛樂方便使用。"
year,112,final,
1_PokeDex,hvRt3cw-Ch4,112-final/1,"Displays a grid of Pokémon fetched from the PokeAPI. Users can search for specific Pokémon and sort them by various criteria such as ID, weight, and height."
2_Make Decision 選擇神器,a5YsUwAu4v4,112-final/2,"「Make Decision 選擇神器」是一款決策應用程式。選擇是消耗精力的事，APP
協助選擇困難症，擺脫繁瑣的雜事抉擇，讓使用者可以將精力放在重要的事情
上。使用者可以建立屬於自己主題的轉盤，編輯轉盤項目、顏色，並使用
OpenAI API 生成項目。另可以當作桌遊道具，或是作為抽獎工具。"
3_SitSmartDetector,gv3kroxnR6U,112-final/3,使用Movenet姿態估計模型找出人體關鍵點，透過神經網路分類器，判定該姿態下是屬於什麼姿勢，比如背部前傾、腿部翹腳。
4_IoT自動化設備監控,UHxFeaCya1Q,112-final/4,"功能介紹:  
 即時設備監控: 軟體可以時時監控各種傳感器與設備狀態 
 設備可控性: 對於可控制設備軟體提供了簡單的啟用與關閉的控
制 
 自動場景設備控制: 提供自動化的設備控制可以依據傳感器當前
狀態對設備做自動化的控制 
 支援所有蘋果行動裝置: 基本上這個應用程式都是使用xcode內
建元件與功能可以做到無痛上的設備移植 
 我們的應用程式允許自訂設備:只要是Raspberry Pi可以支持的
元件都可以加入我們的應用裡面 "
5_Paminit迷你畫家,V4328RnIvTk,112-final/5,「Paminit 迷你畫家」是一款簡單易用的插畫應用程式，登入後您可以自由使用它提供了各種功能，包括調整鉛筆粗細、橡皮擦大小，以及豐富的顏色選擇，讓您可以隨時輕鬆地創作出獨一無二的插畫作品。不僅如此，您還可以將您的作品保存到手機中，隨時隨地展示和分享，或是將作品上傳到雲端與大家分享。立即體驗「Paminit迷你畫家」，滿足您的創作慾望！
6_玩樂地圖,2R9M4f8cE0E,112-final/6,"app feature
·⾸⾴有兩個⼊⼝，分別為餐廳以及活動
·進⼊餐廳後可以看⾒地圖，上⾯會標⽰所有餐廳的位置，點擊標⽰後會彈出視窗，會顯⽰餐廳的菜單、優惠以及聯絡資訊
·餐廳地圖介⾯可以將喜愛的餐廳加⼊收藏，也可以搜尋指定地點找到附近的餐廳
·進⼊活動後會顯⽰每個活動的⼩卡，上⾯會顯⽰活動的資訊如名稱、地點等等，點擊⼩卡後可看到更多詳細資訊。
·點擊導航圖⽰可以跳轉⾄Google Maps / Apple Maps進⾏導航。點擊購買可以在app中直接購買活動⾨票
·右上⾓有票夾管理，可以顯⽰所有⾨票，點擊⾨票後可以秀出QRCode進⾏⼊場
·⽀援 iPad Layout"
7_備忘錄貓貓,dzy9Mam_xrg,112-final/7,"Motivation: 
發現許多⼈習慣⽤聊天軟體記錄事情，所以我設計了這隻可愛的貓貓，你可以像在 Line ⼀樣與牠聊天、溝通。
App Features: 
·AI 幫你創建⾏事曆、提醒
·⼿機端運⾏⼤語⾔模型
·⼀個與 Line 類似的對話介⾯
·可以上傳圖⽚、拍攝圖⽚
·⼀隻數位貓貓，精神糧⻝
"
8_六府之御守​,O8ZCymqNhaE,,-
year,113,final,
1_雲端條碼,zDeIABFNvpk,113/1,"Motivation: 
這是一個能集中掃描、儲存與管理各式QR Code和條碼資訊的App，提供便捷存取與雲端同步功能。 "
2_夢境誌,JrrxIc,113/2,"Motivation: 
這是一款記錄、分析與分享夢境的社群App，可探索與個人化管理 。 "
3_精準調音,wFW4uvj1N4k,113/3,"Motivation: 
直覺視覺化樂器調音App，支援即時音高偵測與多種樂器模式。 "
4_智慧提醒小管家,qrZxVfEgj-k,113/4,"Motivation: 
個人化AI提醒應用，助您高效管理待辦事項與日程規劃。 "
5_AI互動故事,-HpjrCCqUrY,113/5,"Motivation: 
透過AI生成互動故事，支援多輪對話與分支劇情，並分析玩家性格。 "
6_AR俄羅斯方塊,qrZxVfEgj-k,113/6,"Motivation: 
體感控制AR俄羅斯方塊，結合手勢辨識與雲端儲存  。 "
